,Date,Close, Volume, Open, High, Low
1975,2018-01-02,172.26," 25,400,540.00 ",170.16,172.3,169.26
1976,2018-01-03,172.23," 29,461,040.00 ",172.53,174.55,171.96
1977,2018-01-04,173.03," 22,342,650.00 ",172.54,173.47,172.08
1978,2018-01-05,175.0," 23,589,930.00 ",173.44,175.37,173.05
1979,2018-01-08,174.35," 20,523,870.00 ",174.35,175.61,173.93
1980,2018-01-09,174.33," 21,532,200.00 ",174.55,175.06,173.41
1981,2018-01-10,174.29," 23,751,690.00 ",173.16,174.3,173.0
1982,2018-01-11,175.28," 18,653,380.00 ",174.59,175.49,174.49
1983,2018-01-12,177.09," 25,302,200.00 ",176.18,177.36,175.65
1984,2018-01-16,176.19," 29,512,410.00 ",177.9,179.39,176.14
1985,2018-01-17,179.1," 34,260,230.00 ",176.15,179.25,175.07
1986,2018-01-18,179.26," 31,087,330.00 ",179.37,180.1,178.25
1987,2018-01-19,178.46," 31,306,390.00 ",178.61,179.58,177.41
1988,2018-01-22,177.0," 27,052,000.00 ",177.3,177.78,176.6
1989,2018-01-23,177.04," 32,395,870.00 ",177.3,179.44,176.82
1990,2018-01-24,174.22," 51,368,540.00 ",177.25,177.3,173.2
1991,2018-01-25,171.11," 41,438,280.00 ",174.51,174.95,170.53
1992,2018-01-26,171.51," 39,075,250.00 ",172.0,172.0,170.06
1993,2018-01-29,167.96," 50,565,420.00 ",170.16,170.16,167.07
1994,2018-01-30,166.97," 45,635,470.00 ",165.53,167.37,164.7
1995,2018-01-31,167.43," 32,234,520.00 ",166.87,168.44,166.5
1996,2018-02-01,167.78," 44,453,230.00 ",167.17,168.62,166.76
1997,2018-02-02,160.5," 85,957,050.00 ",166.0,166.8,160.1
1998,2018-02-05,156.49," 72,215,320.00 ",159.1,163.88,156.0
1999,2018-02-06,163.03," 68,171,940.00 ",154.83,163.72,154.0
2000,2018-02-07,159.54," 51,467,440.00 ",163.09,163.4,159.07
2001,2018-02-08,155.15," 54,145,930.00 ",160.29,161.0,155.03
2002,2018-02-09,156.41," 70,583,530.00 ",157.07,157.89,150.24
2003,2018-02-12,162.71," 60,774,900.00 ",158.5,163.89,157.51
2004,2018-02-13,164.34," 32,483,310.00 ",161.95,164.75,161.65
2005,2018-02-14,167.37," 40,382,890.00 ",163.05,167.54,162.88
2006,2018-02-15,172.99," 50,908,540.00 ",169.79,173.09,169.0
2007,2018-02-16,172.43," 40,113,790.00 ",172.36,174.82,171.77
2008,2018-02-20,171.85," 33,690,660.00 ",172.05,174.26,171.42
2009,2018-02-21,171.07," 37,378,070.00 ",172.83,174.12,171.01
2010,2018-02-22,172.5," 30,953,760.00 ",171.8,173.95,171.71
2011,2018-02-23,175.5," 33,772,050.00 ",173.67,175.65,173.54
2012,2018-02-26,178.97," 37,353,670.00 ",176.35,179.39,176.21
2013,2018-02-27,178.39," 38,885,510.00 ",179.1,180.48,178.16
2014,2018-02-28,178.12," 37,568,080.00 ",179.26,180.62,178.05
2015,2018-03-01,175.0," 48,706,170.00 ",178.54,179.78,172.66
2016,2018-03-02,176.21," 38,426,060.00 ",172.8,176.3,172.45
2017,2018-03-05,176.82," 27,825,140.00 ",175.21,177.74,174.52
2018,2018-03-06,176.67," 23,273,160.00 ",177.91,178.25,176.13
2019,2018-03-07,175.03," 31,686,450.00 ",174.94,175.85,174.27
2020,2018-03-08,176.94," 24,518,850.00 ",175.48,177.12,175.07
2021,2018-03-09,179.98," 32,130,360.00 ",177.96,180.0,177.39
2022,2018-03-12,181.72," 32,191,070.00 ",180.29,182.39,180.21
2023,2018-03-13,179.97," 31,464,170.00 ",182.59,183.5,179.24
2024,2018-03-14,178.44," 29,334,630.00 ",180.32,180.52,177.81
2025,2018-03-15,178.65," 22,676,520.00 ",178.5,180.24,178.07
2026,2018-03-16,178.02," 38,313,330.00 ",178.65,179.12,177.62
2027,2018-03-19,175.3," 32,931,110.00 ",177.32,177.47,173.66
2028,2018-03-20,175.24," 19,620,520.00 ",175.24,176.8,174.94
2029,2018-03-21,171.27," 36,387,880.00 ",175.04,175.09,171.26
2030,2018-03-22,168.85," 41,335,980.00 ",170.0,172.68,168.6
2031,2018-03-23,164.94," 40,984,540.00 ",168.39,169.92,164.94
2032,2018-03-26,172.77," 36,778,560.00 ",168.07,173.1,166.44
2033,2018-03-27,168.34," 39,824,200.00 ",173.68,175.15,166.92
2034,2018-03-28,166.48," 41,464,880.00 ",167.25,170.02,165.19
2035,2018-03-29,167.78," 38,116,290.00 ",167.81,171.75,166.9
2036,2018-04-02,166.68," 37,425,640.00 ",167.88,168.94,164.47
2037,2018-04-03,168.39," 30,237,640.00 ",167.64,168.75,164.88
2038,2018-04-04,171.61," 34,581,850.00 ",164.88,172.01,164.77
2039,2018-04-05,172.8," 26,750,260.00 ",172.58,174.23,172.08
2040,2018-04-06,168.38," 34,949,690.00 ",170.97,172.48,168.2
2041,2018-04-09,170.05," 28,976,200.00 ",169.88,173.09,169.85
2042,2018-04-10,173.25," 28,567,110.00 ",173.0,174.0,171.53
2043,2018-04-11,172.44," 22,401,040.00 ",172.23,173.92,171.7
2044,2018-04-12,174.14," 22,858,840.00 ",173.41,175.0,173.04
2045,2018-04-13,174.73," 25,100,510.00 ",174.78,175.84,173.85
2046,2018-04-16,175.82," 21,561,320.00 ",175.03,176.19,174.83
2047,2018-04-17,178.24," 26,575,010.00 ",176.49,178.94,176.41
2048,2018-04-18,177.84," 20,544,600.00 ",177.81,178.82,176.88
2049,2018-04-19,172.8," 34,693,280.00 ",174.95,175.39,172.66
2050,2018-04-20,165.72," 65,270,950.00 ",170.6,171.22,165.43
2051,2018-04-23,165.24," 36,396,590.00 ",166.84,166.92,164.09
2052,2018-04-24,162.94," 33,674,960.00 ",165.67,166.33,161.22
2053,2018-04-25,163.65," 28,331,540.00 ",162.62,165.42,162.41
2054,2018-04-26,164.22," 27,850,370.00 ",164.12,165.73,163.37
2055,2018-04-27,162.32," 35,617,230.00 ",164.0,164.33,160.63
2056,2018-04-30,165.26," 41,976,500.00 ",162.13,167.26,161.84
2057,2018-05-01,169.1," 52,228,910.00 ",166.41,169.2,165.27
2058,2018-05-02,176.57," 66,454,720.00 ",175.23,177.75,173.8
2059,2018-05-03,176.89," 33,944,110.00 ",175.88,177.5,174.44
2060,2018-05-04,183.83," 56,137,230.00 ",178.25,184.25,178.17
2061,2018-05-07,185.16," 42,557,530.00 ",185.18,187.67,184.75
2062,2018-05-08,186.05," 28,053,230.00 ",184.99,186.22,183.67
2063,2018-05-09,187.36," 23,141,260.00 ",186.55,187.4,185.22
2064,2018-05-10,190.04," 27,942,430.00 ",187.74,190.37,187.65
2065,2018-05-11,188.59," 26,167,950.00 ",189.49,190.06,187.45
2066,2018-05-14,188.15," 20,393,070.00 ",189.01,189.53,187.86
2067,2018-05-15,186.44," 23,639,070.00 ",186.78,187.07,185.1
2068,2018-05-16,188.18," 19,046,600.00 ",186.07,188.46,186.0
2069,2018-05-17,186.99," 17,014,490.00 ",188.0,188.91,186.36
2070,2018-05-18,186.31," 18,083,080.00 ",187.19,187.81,186.13
2071,2018-05-21,187.63," 18,383,080.00 ",188.0,189.27,186.91
2072,2018-05-22,187.16," 15,228,270.00 ",188.38,188.88,186.78
2073,2018-05-23,188.36," 19,966,590.00 ",186.35,188.5,185.76
2074,2018-05-24,188.15," 23,129,400.00 ",188.77,188.84,186.21
2075,2018-05-25,188.58," 17,186,760.00 ",188.23,189.65,187.65
2076,2018-05-29,187.9," 22,409,110.00 ",187.6,188.75,186.87
2077,2018-05-30,187.5," 18,503,410.00 ",187.72,188.0,186.78
2078,2018-05-31,186.87," 27,468,700.00 ",187.22,188.23,186.14
2079,2018-06-01,190.24," 23,377,690.00 ",187.99,190.26,187.75
2080,2018-06-04,191.83," 26,190,620.00 ",191.64,193.42,191.35
2081,2018-06-05,193.31," 21,535,570.00 ",193.07,193.94,192.36
2082,2018-06-06,193.98," 20,912,820.00 ",193.63,194.08,191.92
2083,2018-06-07,193.46," 21,329,170.00 ",194.14,194.2,192.34
2084,2018-06-08,191.7," 26,580,710.00 ",191.17,192.0,189.77
2085,2018-06-11,191.23," 18,069,930.00 ",191.35,191.97,190.21
2086,2018-06-12,192.28," 16,859,020.00 ",191.39,192.61,191.15
2087,2018-06-13,190.7," 21,480,120.00 ",192.42,192.88,190.44
2088,2018-06-14,190.8," 21,584,720.00 ",191.55,191.57,190.22
2089,2018-06-15,188.84," 61,438,290.00 ",190.03,190.16,188.26
2090,2018-06-18,188.74," 18,458,410.00 ",187.88,189.22,187.2
2091,2018-06-19,185.69," 33,538,550.00 ",185.14,186.33,183.45
2092,2018-06-20,186.5," 20,490,090.00 ",186.35,187.2,185.73
2093,2018-06-21,185.46," 25,649,240.00 ",187.25,188.35,184.94
2094,2018-06-22,184.92," 27,185,130.00 ",186.12,186.15,184.7
2095,2018-06-25,182.17," 31,632,320.00 ",183.4,184.92,180.73
2096,2018-06-26,184.43," 24,378,480.00 ",182.99,186.53,182.54
2097,2018-06-27,184.16," 24,987,260.00 ",185.23,187.28,184.03
2098,2018-06-28,185.5," 17,352,380.00 ",184.1,186.21,183.8
2099,2018-06-29,185.11," 22,551,660.00 ",186.29,187.19,182.91
2100,2018-07-02,187.18," 17,675,210.00 ",183.82,187.3,183.42
2101,2018-07-03,183.92," 13,954,810.00 ",187.79,187.95,183.54
2102,2018-07-05,185.4," 16,543,880.00 ",185.26,186.41,184.28
2103,2018-07-06,187.97," 17,426,160.00 ",185.42,188.43,185.2
2104,2018-07-09,190.58," 19,636,390.00 ",189.5,190.68,189.3
2105,2018-07-10,190.35," 15,801,370.00 ",190.71,191.28,190.18
2106,2018-07-11,187.88," 18,776,390.00 ",188.5,189.78,187.61
2107,2018-07-12,191.03," 18,000,180.00 ",189.53,191.41,189.31
2108,2018-07-13,191.33," 12,506,830.00 ",191.08,191.84,190.9
2109,2018-07-16,190.91," 15,009,800.00 ",191.52,192.65,190.42
2110,2018-07-17,191.45," 15,515,000.00 ",189.75,191.87,189.2
2111,2018-07-18,190.4," 16,365,720.00 ",191.78,191.8,189.93
2112,2018-07-19,191.88," 20,182,050.00 ",189.69,192.55,189.69
2113,2018-07-20,191.44," 20,670,830.00 ",191.78,192.43,190.17
2114,2018-07-23,191.61," 15,955,820.00 ",190.68,191.96,189.56
2115,2018-07-24,193.0," 18,680,930.00 ",192.45,193.66,192.05
2116,2018-07-25,194.82," 16,553,500.00 ",193.06,194.85,192.43
2117,2018-07-26,194.21," 19,005,150.00 ",194.61,195.96,193.61
2118,2018-07-27,190.98," 23,975,350.00 ",194.99,195.19,190.1
2119,2018-07-30,189.91," 20,912,890.00 ",191.9,192.2,189.07
2120,2018-07-31,190.29," 37,847,260.00 ",190.3,192.14,189.34
2121,2018-08-01,201.5," 67,812,280.00 ",199.13,201.76,197.31
2122,2018-08-02,207.39," 62,317,430.00 ",200.58,208.38,200.35
2123,2018-08-03,207.99," 33,408,050.00 ",207.03,208.74,205.48
2124,2018-08-06,209.07," 25,396,100.00 ",208.0,209.25,207.07
2125,2018-08-07,207.11," 25,525,650.00 ",209.32,209.5,206.76
2126,2018-08-08,207.25," 22,493,750.00 ",206.05,207.81,204.52
2127,2018-08-09,208.88," 23,389,530.00 ",207.28,209.78,207.2
2128,2018-08-10,207.53," 24,592,460.00 ",207.36,209.1,206.67
2129,2018-08-13,208.87," 25,864,510.00 ",207.7,210.95,207.7
2130,2018-08-14,209.75," 20,679,270.00 ",210.16,210.56,208.26
2131,2018-08-15,210.24," 28,595,230.00 ",209.22,210.74,208.33
2132,2018-08-16,213.32," 27,595,310.00 ",211.75,213.81,211.47
2133,2018-08-17,217.58," 35,034,410.00 ",213.44,217.95,213.16
2134,2018-08-20,215.46," 30,149,410.00 ",218.1,219.18,215.11
2135,2018-08-21,215.04," 25,682,700.00 ",216.8,217.19,214.03
2136,2018-08-22,215.05," 18,965,930.00 ",214.1,216.36,213.84
2137,2018-08-23,215.49," 18,505,780.00 ",214.65,217.05,214.6
2138,2018-08-24,216.16," 18,457,720.00 ",216.6,216.9,215.11
2139,2018-08-27,217.94," 20,400,770.00 ",217.15,218.74,216.33
2140,2018-08-28,219.7," 22,751,390.00 ",219.01,220.54,218.92
2141,2018-08-29,222.98," 27,074,260.00 ",220.15,223.49,219.41
2142,2018-08-30,225.03," 48,696,960.00 ",223.25,228.26,222.4
2143,2018-08-31,227.63," 43,177,540.00 ",226.51,228.87,226.0
2144,2018-09-04,228.36," 27,363,960.00 ",228.41,229.18,226.63
2145,2018-09-05,226.87," 33,290,830.00 ",228.99,229.67,225.1
2146,2018-09-06,223.1," 34,121,240.00 ",226.23,227.35,221.3
2147,2018-09-07,221.3," 37,418,910.00 ",221.85,225.37,220.71
2148,2018-09-10,218.33," 39,194,720.00 ",220.95,221.85,216.47
2149,2018-09-11,223.85," 35,644,510.00 ",218.01,224.3,216.56
2150,2018-09-12,221.07," 49,118,510.00 ",224.94,225.0,219.84
2151,2018-09-13,226.41," 41,411,350.00 ",223.52,228.35,222.57
2152,2018-09-14,223.84," 31,801,970.00 ",225.75,226.84,222.52
2153,2018-09-17,217.88," 36,810,120.00 ",222.15,222.95,217.27
2154,2018-09-18,218.24," 31,495,630.00 ",217.79,221.85,217.12
2155,2018-09-19,218.37," 26,869,880.00 ",218.5,219.62,215.3
2156,2018-09-20,220.03," 26,388,050.00 ",220.24,222.28,219.15
2157,2018-09-21,217.66," 95,584,080.00 ",220.78,221.36,217.29
2158,2018-09-24,220.79," 27,581,270.00 ",216.82,221.26,216.63
2159,2018-09-25,222.19," 22,811,140.00 ",219.75,222.82,219.7
2160,2018-09-26,220.42," 23,430,370.00 ",221.0,223.75,219.76
2161,2018-09-27,224.95," 29,729,270.00 ",223.82,226.44,223.54
2162,2018-09-28,225.74," 22,560,440.00 ",224.79,225.84,224.02
2163,2018-10-01,227.26," 23,171,020.00 ",227.95,229.42,226.35
2164,2018-10-02,229.28," 24,435,010.00 ",227.25,230.0,226.63
2165,2018-10-03,232.07," 28,540,490.00 ",230.05,233.47,229.78
2166,2018-10-04,227.99," 31,961,120.00 ",230.78,232.35,226.73
2167,2018-10-05,224.29," 33,507,770.00 ",227.96,228.41,220.58
2168,2018-10-08,223.77," 28,784,550.00 ",222.21,224.8,220.2
2169,2018-10-09,226.87," 26,656,630.00 ",223.64,227.27,222.25
2170,2018-10-10,216.36," 41,084,070.00 ",225.46,226.35,216.05
2171,2018-10-11,214.45," 52,902,320.00 ",214.52,219.5,212.32
2172,2018-10-12,222.11," 39,494,770.00 ",220.42,222.88,216.84
2173,2018-10-15,217.36," 30,280,450.00 ",221.16,221.83,217.27
2174,2018-10-16,222.15," 28,802,550.00 ",218.93,222.99,216.76
2175,2018-10-17,221.19," 22,692,880.00 ",222.3,222.64,219.34
2176,2018-10-18,216.02," 32,389,280.00 ",217.86,219.74,213.0
2177,2018-10-19,219.31," 32,874,330.00 ",218.06,221.26,217.43
2178,2018-10-22,220.65," 28,751,540.00 ",219.79,223.36,218.94
2179,2018-10-23,222.73," 38,681,170.00 ",215.83,223.25,214.7
2180,2018-10-24,215.09," 39,992,120.00 ",222.6,224.23,214.54
2181,2018-10-25,219.8," 29,027,340.00 ",217.71,221.38,216.75
2182,2018-10-26,216.3," 47,191,700.00 ",215.9,220.19,212.67
2183,2018-10-29,212.24," 45,713,690.00 ",219.19,219.69,206.09
2184,2018-10-30,213.3," 36,487,930.00 ",211.15,215.18,209.27
2185,2018-10-31,218.86," 38,016,810.00 ",216.88,220.45,216.62
2186,2018-11-01,222.22," 52,954,070.00 ",219.05,222.36,216.81
2187,2018-11-02,207.48," 91,046,560.00 ",209.55,213.65,205.43
2188,2018-11-05,201.59," 66,072,170.00 ",204.3,204.39,198.17
2189,2018-11-06,203.77," 31,774,720.00 ",201.92,204.72,201.69
2190,2018-11-07,209.95," 33,291,640.00 ",205.97,210.06,204.13
2191,2018-11-08,208.49," 25,289,270.00 ",209.98,210.12,206.75
2192,2018-11-09,204.47," 34,317,760.00 ",205.55,206.01,202.25
2193,2018-11-12,194.17," 50,991,030.00 ",199.0,199.85,193.79
2194,2018-11-13,192.23," 46,725,710.00 ",191.63,197.18,191.45
2195,2018-11-14,186.8," 60,547,340.00 ",193.9,194.48,185.93
2196,2018-11-15,191.41," 46,271,660.00 ",188.39,191.97,186.9
2197,2018-11-16,193.53," 36,191,330.00 ",190.5,194.97,189.46
2198,2018-11-19,185.86," 41,626,820.00 ",190.0,190.7,184.99
2199,2018-11-20,176.98," 67,678,680.00 ",178.37,181.47,175.51
2200,2018-11-21,176.78," 31,096,240.00 ",179.73,180.27,176.55
2201,2018-11-23,172.29," 23,623,970.00 ",174.94,176.6,172.1
2202,2018-11-26,174.62," 44,662,320.00 ",174.24,174.95,170.26
2203,2018-11-27,174.24," 41,156,140.00 ",171.51,174.77,170.88
2204,2018-11-28,180.94," 45,941,750.00 ",176.73,181.29,174.93
2205,2018-11-29,179.55," 41,523,580.00 ",182.66,182.8,177.7
2206,2018-11-30,178.58," 39,424,260.00 ",180.29,180.33,177.03
2207,2018-12-03,184.82," 40,537,700.00 ",184.46,184.94,181.21
2208,2018-12-04,176.69," 41,141,250.00 ",180.95,182.39,176.27
2209,2018-12-06,174.72," 42,704,910.00 ",171.76,174.78,170.42
2210,2018-12-07,168.49," 41,678,680.00 ",173.49,174.49,168.3
2211,2018-12-10,169.6," 61,759,000.00 ",165.0,170.09,163.33
2212,2018-12-11,168.63," 45,968,040.00 ",171.66,171.79,167.0
2213,2018-12-12,169.1," 35,474,680.00 ",170.4,171.92,169.02
2214,2018-12-13,170.95," 31,754,210.00 ",170.49,172.57,169.55
2215,2018-12-14,165.48," 40,620,360.00 ",169.0,169.08,165.28
2216,2018-12-17,163.94," 43,250,420.00 ",165.45,168.35,162.73
2217,2018-12-18,166.07," 33,753,490.00 ",165.38,167.53,164.39
2218,2018-12-19,160.89," 47,597,670.00 ",166.0,167.45,159.09
2219,2018-12-20,156.83," 64,398,230.00 ",160.4,162.11,155.3
2220,2018-12-21,150.73," 95,497,900.00 ",156.86,158.16,149.63
2221,2018-12-24,146.83," 37,169,230.00 ",148.15,151.55,146.59
2222,2018-12-26,157.17," 58,133,850.00 ",148.3,157.23,146.72
2223,2018-12-27,156.15," 51,608,850.00 ",155.84,156.77,150.07
2224,2018-12-28,156.23," 41,740,600.00 ",157.5,158.52,154.55
2225,2018-12-31,157.74," 34,499,390.00 ",158.53,159.36,156.48
2226,2019-01-02,157.92," 35,637,070.00 ",154.89,158.85,154.23
2227,2019-01-03,142.19," 91,106,840.00 ",143.98,145.72,142.0
2228,2019-01-04,148.26," 57,423,650.00 ",144.53,148.55,143.8
2229,2019-01-07,147.93," 54,571,440.00 ",148.7,148.83,145.9
2230,2019-01-08,150.75," 40,622,910.00 ",149.56,151.82,148.52
2231,2019-01-09,153.31," 45,034,370.00 ",151.29,154.53,149.63
2232,2019-01-10,153.8," 35,661,200.00 ",152.5,153.97,150.86
2233,2019-01-11,152.29," 26,924,630.00 ",152.88,153.7,151.51
2234,2019-01-14,150.0," 32,018,540.00 ",150.85,151.27,149.22
2235,2019-01-15,153.07," 28,449,940.00 ",150.27,153.39,150.05
2236,2019-01-16,154.94," 30,483,120.00 ",153.08,155.88,153.0
2237,2019-01-17,155.86," 29,616,190.00 ",154.2,157.66,153.26
2238,2019-01-18,156.82," 33,259,460.00 ",157.5,157.88,155.98
2239,2019-01-22,153.3," 30,273,990.00 ",156.41,156.73,152.62
2240,2019-01-23,153.92," 23,046,560.00 ",154.15,155.14,151.7
2241,2019-01-24,152.7," 25,418,110.00 ",154.11,154.48,151.74
2242,2019-01-25,157.76," 33,508,960.00 ",155.48,158.13,154.32
2243,2019-01-28,156.3," 26,147,280.00 ",155.79,156.33,153.66
2244,2019-01-29,154.68," 39,914,850.00 ",156.25,158.13,154.11
2245,2019-01-30,165.25," 60,800,480.00 ",163.25,166.15,160.23
2246,2019-01-31,166.44," 40,613,260.00 ",166.11,169.0,164.56
2247,2019-02-01,166.52," 32,644,590.00 ",166.96,168.98,165.93
2248,2019-02-04,171.25," 31,384,720.00 ",167.41,171.66,167.28
2249,2019-02-05,174.18," 36,054,570.00 ",172.86,175.08,172.35
2250,2019-02-06,174.24," 28,204,640.00 ",174.65,175.57,172.85
2251,2019-02-07,170.94," 31,644,240.00 ",172.4,173.94,170.34
2252,2019-02-08,170.41," 23,793,830.00 ",168.99,170.66,168.42
2253,2019-02-11,169.43," 20,940,020.00 ",171.05,171.21,169.25
2254,2019-02-12,170.89," 22,224,400.00 ",170.1,171.0,169.7
2255,2019-02-13,170.18," 22,389,660.00 ",171.39,172.48,169.92
2256,2019-02-14,170.8," 21,785,180.00 ",169.71,171.26,169.38
2257,2019-02-15,170.42," 24,603,320.00 ",171.25,171.7,169.75
2258,2019-02-19,170.93," 18,958,570.00 ",169.71,171.44,169.49
2259,2019-02-20,172.03," 25,323,890.00 ",171.19,173.32,170.99
2260,2019-02-21,171.06," 17,154,540.00 ",171.8,172.37,170.3
2261,2019-02-22,172.97," 18,890,250.00 ",171.58,173.0,171.38
2262,2019-02-25,174.23," 21,846,400.00 ",174.16,175.87,173.95
2263,2019-02-26,174.33," 16,991,610.00 ",173.71,175.3,173.17
2264,2019-02-27,174.87," 27,817,640.00 ",173.21,175.0,172.73
2265,2019-02-28,173.15," 27,953,810.00 ",174.32,174.91,172.92
2266,2019-03-01,174.97," 25,737,560.00 ",174.28,175.15,172.89
2267,2019-03-04,175.85," 27,413,060.00 ",175.69,177.75,173.97
2268,2019-03-05,175.53," 19,238,480.00 ",175.94,176.0,174.54
2269,2019-03-06,174.52," 20,755,140.00 ",174.67,175.49,173.94
2270,2019-03-07,172.5," 24,755,470.00 ",173.87,174.44,172.02
2271,2019-03-08,172.91," 23,985,960.00 ",170.32,173.07,169.5
2272,2019-03-11,178.9," 31,123,000.00 ",175.49,179.12,175.35
2273,2019-03-12,180.91," 32,416,800.00 ",180.0,182.67,179.37
2274,2019-03-13,181.71," 30,929,740.00 ",182.25,183.3,180.92
2275,2019-03-14,183.73," 23,527,660.00 ",183.9,184.1,182.56
2276,2019-03-15,186.12," 39,017,490.00 ",184.85,187.33,183.74
2277,2019-03-18,188.02," 26,148,590.00 ",185.8,188.39,185.79
2278,2019-03-19,186.53," 31,440,300.00 ",188.35,188.99,185.92
2279,2019-03-20,188.16," 31,003,380.00 ",186.23,189.49,184.73
2280,2019-03-21,195.09," 50,943,120.00 ",190.02,196.33,189.81
2281,2019-03-22,191.05," 42,287,640.00 ",195.34,197.69,190.78
2282,2019-03-25,188.74," 43,751,810.00 ",191.51,191.98,186.6
2283,2019-03-26,186.79," 49,696,100.00 ",191.66,192.88,184.58
2284,2019-03-27,188.47," 29,771,210.00 ",188.75,189.76,186.55
2285,2019-03-28,188.72," 20,710,390.00 ",188.95,189.56,187.53
2286,2019-03-29,189.95," 23,524,830.00 ",189.83,190.08,188.54
2287,2019-04-01,191.24," 27,308,200.00 ",191.64,191.68,188.38
2288,2019-04-02,194.02," 22,727,370.00 ",191.09,194.46,191.05
2289,2019-04-03,195.35," 23,243,160.00 ",193.25,196.5,193.15
2290,2019-04-04,195.69," 19,090,050.00 ",194.79,196.37,193.14
2291,2019-04-05,197.0," 18,473,070.00 ",196.45,197.1,195.93
2292,2019-04-08,200.1," 25,829,880.00 ",196.42,200.23,196.34
2293,2019-04-09,199.5," 35,738,280.00 ",200.32,202.85,199.23
2294,2019-04-10,200.62," 21,654,750.00 ",198.68,200.74,198.18
2295,2019-04-11,198.95," 20,543,190.00 ",200.85,201.0,198.44
2296,2019-04-12,198.87," 27,738,580.00 ",199.2,200.14,196.21
2297,2019-04-15,199.23," 17,524,150.00 ",198.58,199.85,198.01
2298,2019-04-16,199.25," 25,668,330.00 ",199.46,201.37,198.56
2299,2019-04-17,203.13," 28,865,310.00 ",199.54,203.38,198.61
2300,2019-04-18,203.86," 24,185,530.00 ",203.12,204.15,202.52
2301,2019-04-22,204.53," 17,841,920.00 ",202.83,204.94,202.34
2302,2019-04-23,207.48," 23,286,380.00 ",204.43,207.75,203.9
2303,2019-04-24,207.16," 17,427,570.00 ",207.36,208.48,207.05
2304,2019-04-25,205.28," 18,463,850.00 ",206.83,207.76,205.12
2305,2019-04-26,204.3," 18,612,770.00 ",204.9,205.0,202.12
2306,2019-04-29,204.61," 22,010,360.00 ",204.4,205.97,203.86
2307,2019-04-30,200.67," 45,751,160.00 ",203.06,203.4,199.11
2308,2019-05-01,210.52," 64,827,330.00 ",209.88,215.31,209.23
2309,2019-05-02,209.15," 31,996,320.00 ",209.84,212.65,208.13
2310,2019-05-03,211.75," 20,892,380.00 ",210.89,211.84,210.23
2311,2019-05-06,208.48," 32,443,110.00 ",204.29,208.84,203.5
2312,2019-05-07,202.86," 38,763,700.00 ",205.88,207.42,200.83
2313,2019-05-08,202.9," 26,339,500.00 ",201.9,205.34,201.75
2314,2019-05-09,200.72," 34,908,610.00 ",200.4,201.68,196.66
2315,2019-05-10,197.18," 41,208,710.00 ",197.42,198.85,192.77
2316,2019-05-13,185.72," 57,430,620.00 ",187.71,189.48,182.85
2317,2019-05-14,188.66," 36,529,680.00 ",186.41,189.7,185.41
2318,2019-05-15,190.92," 26,544,720.00 ",186.27,191.75,186.02
2319,2019-05-16,190.08," 33,031,360.00 ",189.91,192.47,188.84
2320,2019-05-17,189.0," 32,879,090.00 ",186.93,190.9,186.76
2321,2019-05-20,183.09," 38,612,290.00 ",183.52,184.35,180.28
2322,2019-05-21,186.6," 28,364,850.00 ",185.22,188.0,184.7
2323,2019-05-22,182.78," 29,748,560.00 ",184.66,185.71,182.55
2324,2019-05-23,179.66," 36,529,740.00 ",179.8,180.54,177.81
2325,2019-05-24,178.97," 23,714,690.00 ",180.2,182.14,178.62
2326,2019-05-28,178.23," 27,948,160.00 ",178.92,180.59,177.91
2327,2019-05-29,177.38," 28,481,170.00 ",176.42,179.35,176.0
2328,2019-05-30,178.3," 21,218,410.00 ",177.95,179.23,176.67
2329,2019-05-31,175.07," 27,043,580.00 ",176.23,177.99,174.99
2330,2019-06-03,173.3," 40,396,070.00 ",175.6,177.92,170.27
2331,2019-06-04,179.64," 30,967,960.00 ",175.44,179.83,174.52
2332,2019-06-05,182.54," 29,773,430.00 ",184.28,184.99,181.14
2333,2019-06-06,185.22," 22,526,310.00 ",183.08,185.47,182.15
2334,2019-06-07,190.15," 30,684,390.00 ",186.51,191.92,185.77
2335,2019-06-10,192.58," 26,220,850.00 ",191.81,195.37,191.62
2336,2019-06-11,194.81," 26,932,880.00 ",194.86,196.0,193.6
2337,2019-06-12,194.19," 18,253,190.00 ",193.95,195.97,193.39
2338,2019-06-13,194.15," 21,674,630.00 ",194.7,196.79,193.6
2339,2019-06-14,192.74," 18,761,470.00 ",191.55,193.59,190.3
2340,2019-06-17,193.89," 14,669,140.00 ",192.9,194.96,192.17
2341,2019-06-18,198.45," 26,551,000.00 ",196.05,200.29,195.21
2342,2019-06-19,197.87," 21,124,240.00 ",199.68,199.88,197.31
2343,2019-06-20,199.46," 21,513,990.00 ",200.37,200.61,198.03
2344,2019-06-21,198.78," 47,800,590.00 ",198.8,200.85,198.15
2345,2019-06-24,198.58," 18,220,420.00 ",198.54,200.16,198.17
2346,2019-06-25,195.57," 21,070,330.00 ",198.43,199.26,195.29
2347,2019-06-26,199.8," 26,067,510.00 ",197.77,200.99,197.35
2348,2019-06-27,199.74," 20,899,720.00 ",200.29,201.57,199.57
2349,2019-06-28,197.92," 31,110,640.00 ",198.68,199.5,197.05
2350,2019-07-01,201.55," 27,316,740.00 ",203.17,204.49,200.65
2351,2019-07-02,202.73," 16,935,220.00 ",201.41,203.13,201.36
2352,2019-07-03,204.41," 11,362,050.00 ",203.28,204.44,202.69
2353,2019-07-05,204.23," 17,265,520.00 ",203.35,205.08,202.9
2354,2019-07-08,200.02," 25,338,630.00 ",200.81,201.4,198.41
2355,2019-07-09,201.24," 20,578,020.00 ",199.2,201.51,198.81
2356,2019-07-10,203.23," 17,897,140.00 ",201.85,203.73,201.56
2357,2019-07-11,201.75," 20,191,840.00 ",203.31,204.39,201.71
2358,2019-07-12,203.3," 17,595,210.00 ",202.45,204.0,202.2
2359,2019-07-15,205.21," 16,947,420.00 ",204.09,205.87,204.0
2360,2019-07-16,204.5," 16,866,820.00 ",204.59,206.11,203.5
2361,2019-07-17,203.35," 14,107,450.00 ",204.05,205.09,203.27
2362,2019-07-18,205.66," 18,582,160.00 ",204.0,205.88,203.7
2363,2019-07-19,202.59," 20,929,310.00 ",205.79,206.5,202.36
2364,2019-07-22,207.22," 22,277,930.00 ",203.65,207.23,203.61
2365,2019-07-23,208.84," 18,355,210.00 ",208.46,208.91,207.29
2366,2019-07-24,208.67," 14,991,570.00 ",207.67,209.15,207.17
2367,2019-07-25,207.02," 13,909,560.00 ",208.89,209.24,206.73
2368,2019-07-26,207.74," 17,618,870.00 ",207.48,209.73,207.14
2369,2019-07-29,209.68," 21,673,390.00 ",208.46,210.64,208.44
2370,2019-07-30,208.78," 33,935,720.00 ",208.76,210.16,207.31
2371,2019-07-31,213.04," 69,281,360.00 ",216.42,221.37,211.3
2372,2019-08-01,208.43," 54,017,920.00 ",213.9,218.03,206.74
2373,2019-08-02,204.02," 40,862,120.00 ",205.53,206.43,201.63
2374,2019-08-05,193.34," 52,392,970.00 ",197.99,198.65,192.58
2375,2019-08-06,197.0," 35,824,790.00 ",196.31,198.07,194.04
2376,2019-08-07,199.04," 33,364,400.00 ",195.41,199.56,193.82
2377,2019-08-08,203.43," 27,009,520.00 ",200.2,203.53,199.39
2378,2019-08-09,200.99," 24,619,750.00 ",201.3,202.76,199.29
2379,2019-08-12,200.48," 22,481,890.00 ",199.62,202.05,199.15
2380,2019-08-13,208.97," 47,539,790.00 ",201.02,212.14,200.83
2381,2019-08-14,202.75," 36,547,440.00 ",203.16,206.44,202.59
2382,2019-08-15,201.74," 27,883,360.00 ",203.46,205.14,199.67
2383,2019-08-16,206.5," 28,813,620.00 ",204.28,207.16,203.84
2384,2019-08-19,210.35," 24,431,920.00 ",210.62,212.73,210.03
2385,2019-08-20,210.36," 26,919,530.00 ",210.88,213.35,210.32
2386,2019-08-21,212.64," 21,564,750.00 ",212.99,213.65,211.6
2387,2019-08-22,212.46," 22,267,820.00 ",213.19,214.44,210.75
2388,2019-08-23,202.64," 46,882,840.00 ",209.43,212.05,201.0
2389,2019-08-26,206.49," 26,066,130.00 ",205.86,207.19,205.06
2390,2019-08-27,204.16," 25,897,340.00 ",207.86,208.55,203.53
2391,2019-08-28,205.53," 15,957,630.00 ",204.1,205.72,203.32
2392,2019-08-29,209.01," 21,007,650.00 ",208.5,209.32,206.66
2393,2019-08-30,208.74," 21,162,560.00 ",210.16,210.45,207.2
2394,2019-09-03,205.7," 20,059,570.00 ",206.43,206.98,204.22
2395,2019-09-04,209.19," 19,216,820.00 ",208.39,209.48,207.32
2396,2019-09-05,213.28," 23,946,880.00 ",212.0,213.97,211.51
2397,2019-09-06,213.26," 19,362,290.00 ",214.05,214.42,212.51
2398,2019-09-09,214.17," 27,309,400.00 ",214.84,216.44,211.07
2399,2019-09-10,216.7," 31,777,930.00 ",213.86,216.78,211.71
2400,2019-09-11,223.59," 44,289,650.00 ",218.07,223.71,217.73
2401,2019-09-12,223.09," 32,226,670.00 ",224.8,226.42,222.86
2402,2019-09-13,218.75," 39,763,300.00 ",220.0,220.79,217.02
2403,2019-09-16,219.9," 21,158,140.00 ",217.73,220.13,217.56
2404,2019-09-17,220.7," 18,386,470.00 ",219.96,220.82,219.12
2405,2019-09-18,222.77," 25,643,090.00 ",221.06,222.85,219.44
2406,2019-09-19,220.96," 22,187,880.00 ",222.01,223.76,220.37
2407,2019-09-20,217.73," 57,977,090.00 ",221.38,222.56,217.47
2408,2019-09-23,218.72," 19,419,650.00 ",218.95,219.84,217.65
2409,2019-09-24,217.68," 31,434,370.00 ",221.03,222.49,217.19
2410,2019-09-25,221.03," 22,481,010.00 ",218.55,221.5,217.14
2411,2019-09-26,219.89," 19,088,310.00 ",220.0,220.94,218.83
2412,2019-09-27,218.82," 25,361,290.00 ",220.54,220.96,217.28
2413,2019-09-30,223.97," 26,318,580.00 ",220.9,224.58,220.79
2414,2019-10-01,224.59," 36,187,160.00 ",225.07,228.22,224.2
2415,2019-10-02,218.96," 35,767,260.00 ",223.06,223.58,217.93
2416,2019-10-03,220.82," 30,352,690.00 ",218.43,220.96,215.13
2417,2019-10-04,227.01," 34,755,550.00 ",225.64,227.49,223.89
2418,2019-10-07,227.06," 30,889,270.00 ",226.27,229.93,225.84
2419,2019-10-08,224.4," 29,282,700.00 ",225.82,228.06,224.33
2420,2019-10-09,227.03," 19,029,420.00 ",227.03,227.79,225.64
2421,2019-10-10,230.09," 28,962,980.00 ",227.93,230.44,227.3
2422,2019-10-11,236.21," 41,990,210.00 ",232.95,237.64,232.31
2423,2019-10-14,235.87," 24,413,480.00 ",234.9,238.13,234.67
2424,2019-10-15,235.32," 23,040,480.00 ",236.39,237.65,234.88
2425,2019-10-16,234.37," 19,286,690.00 ",233.37,235.24,233.2
2426,2019-10-17,235.28," 17,272,900.00 ",235.09,236.15,233.52
2427,2019-10-18,236.41," 24,377,170.00 ",234.59,237.58,234.29
2428,2019-10-21,240.51," 22,367,480.00 ",237.52,240.99,237.32
2429,2019-10-22,239.96," 22,684,000.00 ",241.16,242.2,239.62
2430,2019-10-23,243.18," 19,932,550.00 ",242.1,243.24,241.22
2431,2019-10-24,243.58," 17,916,260.00 ",244.51,244.8,241.81
2432,2019-10-25,246.58," 18,369,300.00 ",243.16,246.73,242.88
2433,2019-10-28,249.05," 24,143,240.00 ",247.42,249.25,246.72
2434,2019-10-29,243.29," 35,709,870.00 ",248.97,249.75,242.57
2435,2019-10-30,243.26," 31,130,520.00 ",244.76,245.3,241.21
2436,2019-10-31,248.76," 34,790,520.00 ",247.24,249.17,237.26
2437,2019-11-01,255.82," 37,781,330.00 ",249.54,255.93,249.16
2438,2019-11-04,257.5," 25,817,950.00 ",257.33,257.85,255.38
2439,2019-11-05,257.13," 19,974,430.00 ",257.05,258.19,256.32
2440,2019-11-06,257.24," 18,966,120.00 ",256.77,257.49,255.37
2441,2019-11-07,259.43," 23,735,080.00 ",258.74,260.35,258.11
2442,2019-11-08,260.14," 17,520,500.00 ",258.69,260.44,256.85
2443,2019-11-11,262.2," 20,507,460.00 ",258.3,262.47,258.28
2444,2019-11-12,261.96," 21,847,230.00 ",261.55,262.79,260.92
2445,2019-11-13,264.47," 25,817,590.00 ",261.13,264.78,261.07
2446,2019-11-14,262.64," 22,395,560.00 ",263.75,264.88,262.1
2447,2019-11-15,265.76," 25,093,670.00 ",263.68,265.78,263.01
2448,2019-11-18,267.1," 21,700,900.00 ",265.8,267.43,264.23
2449,2019-11-19,266.29," 19,069,600.00 ",267.9,268.0,265.39
2450,2019-11-20,263.19," 26,609,920.00 ",265.54,266.08,260.4
2451,2019-11-21,262.01," 30,348,780.00 ",263.69,264.01,261.18
2452,2019-11-22,261.78," 16,331,260.00 ",262.59,263.18,260.84
2453,2019-11-25,266.37," 21,029,520.00 ",262.71,266.44,262.52
2454,2019-11-26,264.29," 26,334,880.00 ",266.94,267.16,262.5
2455,2019-11-27,267.84," 16,386,120.00 ",265.58,267.98,265.31
2456,2019-11-29,267.25," 11,654,360.00 ",266.6,268.0,265.9
2457,2019-12-02,264.16," 23,693,550.00 ",267.27,268.25,263.45
2458,2019-12-03,259.45," 29,377,270.00 ",258.31,259.53,256.29
2459,2019-12-04,261.74," 16,810,390.00 ",261.07,263.31,260.68
2460,2019-12-05,265.58," 18,661,340.00 ",263.79,265.89,262.73
2461,2019-12-06,270.71," 26,547,490.00 ",267.48,271.0,267.3
2462,2019-12-09,266.92," 32,182,650.00 ",270.0,270.8,264.91
2463,2019-12-10,268.48," 22,632,380.00 ",268.6,270.07,265.86
2464,2019-12-11,270.77," 19,723,390.00 ",268.81,271.1,268.5
2465,2019-12-12,271.46," 34,437,040.00 ",267.78,272.56,267.32
2466,2019-12-13,275.15," 33,432,810.00 ",271.46,275.3,270.93
2467,2019-12-16,279.86," 32,081,110.00 ",277.0,280.79,276.98
2468,2019-12-17,280.41," 28,575,800.00 ",279.57,281.77,278.8
2469,2019-12-18,279.74," 29,024,690.00 ",279.8,281.9,279.12
2470,2019-12-19,280.02," 24,626,950.00 ",279.5,281.18,278.95
2471,2019-12-20,279.44," 69,032,740.00 ",282.23,282.65,278.56
2472,2019-12-23,284.0," 24,677,880.00 ",280.53,284.25,280.37
2473,2019-12-24,284.27," 12,119,710.00 ",284.69,284.89,282.92
2474,2019-12-26,289.91," 23,334,000.00 ",284.82,289.98,284.7
2475,2019-12-27,289.8," 36,592,940.00 ",291.12,293.97,288.12
2476,2019-12-30,291.52," 36,059,610.00 ",289.46,292.69,285.22
2477,2019-12-31,293.65," 25,247,630.00 ",289.93,293.68,289.52
2478,2020-01-02,300.35," 33,911,860.00 ",296.24,300.6,295.19
2479,2020-01-03,297.43," 36,633,880.00 ",297.15,300.58,296.5
2480,2020-01-06,299.8," 29,644,640.00 ",293.79,299.96,292.75
2481,2020-01-07,298.39," 27,877,660.00 ",299.84,300.9,297.48
2482,2020-01-08,303.19," 33,090,950.00 ",297.16,304.44,297.16
2483,2020-01-09,309.63," 42,621,540.00 ",307.24,310.43,306.2
2484,2020-01-10,310.33," 35,217,270.00 ",310.6,312.67,308.25
2485,2020-01-13,316.96," 30,521,720.00 ",311.64,317.07,311.15
2486,2020-01-14,312.68," 40,653,460.00 ",316.7,317.57,312.17
2487,2020-01-15,311.34," 30,480,880.00 ",311.85,315.5,309.55
2488,2020-01-16,315.24," 27,207,250.00 ",313.59,315.7,312.09
2489,2020-01-17,318.73," 34,454,120.00 ",316.27,318.74,315.0
2490,2020-01-21,316.57," 27,710,810.00 ",317.19,319.02,316.0
2491,2020-01-22,317.7," 25,458,120.00 ",318.58,319.99,317.31
2492,2020-01-23,319.23," 26,117,990.00 ",317.92,319.56,315.65
2493,2020-01-24,318.31," 36,634,380.00 ",320.25,323.33,317.52
2494,2020-01-27,308.95," 40,485,010.00 ",310.06,311.77,304.88
2495,2020-01-28,317.69," 40,558,490.00 ",312.6,318.4,312.19
2496,2020-01-29,324.34," 54,149,930.00 ",324.45,327.85,321.38
2497,2020-01-30,323.87," 31,685,810.00 ",320.54,324.09,318.75
2498,2020-01-31,309.51," 49,897,100.00 ",320.93,322.68,308.29
2499,2020-02-03,308.66," 43,496,400.00 ",304.3,313.49,302.22
2500,2020-02-04,318.85," 34,154,130.00 ",315.31,319.64,313.63
2501,2020-02-05,321.45," 29,706,720.00 ",323.52,324.76,318.95
2502,2020-02-06,325.21," 26,356,390.00 ",322.57,325.22,320.26
2503,2020-02-07,320.03," 29,421,010.00 ",322.37,323.4,318.0
2504,2020-02-10,321.55," 27,337,220.00 ",314.18,321.55,313.85
2505,2020-02-11,319.61," 23,580,780.00 ",323.6,323.9,318.71
2506,2020-02-12,327.2," 28,432,570.00 ",321.47,327.22,321.47
2507,2020-02-13,324.87," 23,686,890.00 ",324.19,326.22,323.35
2508,2020-02-14,324.95," 20,028,450.00 ",324.74,325.98,322.85
2509,2020-02-18,319.0," 38,190,550.00 ",315.36,319.75,314.61
2510,2020-02-19,323.62," 23,495,990.00 ",320.0,324.57,320.0
2511,2020-02-20,320.3," 25,141,490.00 ",322.63,324.65,318.21
2512,2020-02-21,313.05," 32,426,420.00 ",318.62,320.45,310.5
2513,2020-02-24,298.18," 55,548,830.00 ",297.26,304.18,289.23
2514,2020-02-25,288.08," 57,668,360.00 ",300.95,302.53,286.13
2515,2020-02-26,292.65," 49,678,430.00 ",286.53,297.88,286.5
2516,2020-02-27,273.52," 80,151,380.00 ",281.1,286.0,272.96
