,Date,Open,High,Low,Close,Adj Close,Volume
1761,2018-01-02,20.799999,21.474001,20.733334,21.368668,21.368668,65283000
1762,2018-01-03,21.4,21.683332,21.036667,21.15,21.15,67822500
1763,2018-01-04,20.858,21.236668,20.378668,20.974667,20.974667,149194500
1764,2018-01-05,21.108,21.149332,20.799999,21.105333,21.105333,68868000
1765,2018-01-08,21.066668,22.468,21.033333,22.427334,22.427334,147891000
1766,2018-01-09,22.344,22.586666,21.826668,22.246,22.246,107199000
1767,2018-01-10,22.146667,22.466667,22.0,22.32,22.32,64648500
1768,2018-01-11,22.349333,22.987333,22.217333,22.530001,22.530001,99682500
1769,2018-01-12,22.575333,22.694,22.244667,22.414667,22.414667,72376500
1770,2018-01-16,22.502666,23.0,22.32,22.670668,22.670668,97114500
1771,2018-01-17,22.698,23.266666,22.65,23.143999,23.143999,106552500
1772,2018-01-18,23.044666,23.486668,22.916,22.971333,22.971333,85287000
1773,2018-01-19,23.0,23.372667,22.84,23.334667,23.334667,73324500
1774,2018-01-22,23.293333,23.855333,23.280001,23.437332,23.437332,93156000
1775,2018-01-23,24.0,24.033333,23.4,23.519333,23.519333,81981000
1776,2018-01-24,23.638666,23.65,22.901333,23.059334,23.059334,79312500
1777,2018-01-25,23.218,23.280001,22.426666,22.509333,22.509333,101104500
1778,2018-01-26,22.766666,22.933332,22.380667,22.856667,22.856667,68091000
1779,2018-01-29,22.656668,23.389999,22.552,23.302,23.302,71206500
1780,2018-01-30,23.009333,23.218,22.811333,23.054667,23.054667,70765500
1781,2018-01-31,23.167334,23.746,23.012667,23.620667,23.620667,93211500
1782,2018-02-01,23.4,23.977333,23.242001,23.283333,23.283333,62965500
1783,2018-02-02,23.229334,23.463333,22.700666,22.916668,22.916668,55572000
1784,2018-02-05,22.531334,22.964666,22.200001,22.208668,22.208668,66961500
1785,2018-02-06,21.680668,22.414667,21.566668,22.264668,22.264668,76326000
1786,2018-02-07,22.599333,23.066668,22.377333,23.0,23.0,104538000
1787,2018-02-08,22.887333,23.241333,20.973333,21.015333,21.015333,154719000
1788,2018-02-09,21.328667,21.398666,19.650667,20.694668,20.694668,194005500
1789,2018-02-12,21.075333,21.205334,20.416668,21.048668,21.048668,93417000
1790,2018-02-13,21.001333,21.612667,20.834,21.577333,21.577333,68403000
1791,2018-02-14,21.389334,21.744667,21.234667,21.487333,21.487333,59260500
1792,2018-02-15,21.633333,22.274668,21.493334,22.271334,22.271334,88693500
1793,2018-02-16,22.166668,22.874666,22.109333,22.365999,22.365999,84639000
1794,2018-02-20,22.298,22.722668,22.1,22.318001,22.318001,60141000
1795,2018-02-21,22.402,22.646,22.211332,22.219999,22.219999,48294000
1796,2018-02-22,22.368668,23.162666,22.316668,23.077999,23.077999,104547000
1797,2018-02-23,23.188667,23.666,23.139999,23.469999,23.469999,87261000
1798,2018-02-26,23.566668,23.933332,23.490667,23.827999,23.827999,65100000
1799,2018-02-27,23.75,23.999332,23.334,23.399332,23.399332,71961000
1800,2018-02-28,23.504667,23.682667,22.814667,22.870667,22.870667,91045500
1801,2018-03-01,23.000668,23.244667,22.004667,22.062,22.062,103284000
1802,2018-03-02,21.798668,22.348,21.531334,22.341333,22.341333,76392000
1803,2018-03-05,22.159332,22.516666,21.952667,22.223333,22.223333,57357000
1804,2018-03-06,22.25,22.424667,21.802,21.879999,21.879999,64285500
1805,2018-03-07,21.695999,22.166668,21.449333,22.153334,22.153334,75109500
1806,2018-03-08,22.190666,22.219999,21.751333,21.940001,21.940001,53493000
1807,2018-03-09,21.606667,21.899332,21.491333,21.811333,21.811333,82602000
1808,2018-03-12,21.907333,23.147333,21.766666,23.034,23.034,123960000
1809,2018-03-13,21.907333,23.147333,21.766666,22.789333,22.789333,89487000
1810,2018-03-14,22.450666,22.653999,21.595333,21.775333,21.775333,119511000
1811,2018-03-15,21.958668,22.190001,21.406668,21.706667,21.706667,98472000
1812,2018-03-16,21.528667,21.826668,21.271334,21.423332,21.423332,91759500
1813,2018-03-19,21.1,21.383333,20.644667,20.903999,20.903999,112264500
1814,2018-03-20,20.991333,21.083332,20.584,20.703333,20.703333,71464500
1815,2018-03-21,20.683332,21.496,20.679333,21.101999,21.101999,89376000
1816,2018-03-22,20.926001,21.254667,20.545334,20.606667,20.606667,74097000
1817,2018-03-23,20.75,20.75,20.030001,20.102667,20.102667,99823500
1818,2018-03-26,20.489332,20.506001,19.424,20.278667,20.278667,125628000
1819,2018-03-27,20.266666,20.284666,18.478666,18.612,18.612,208080000
1820,2018-03-28,17.638666,17.912001,16.806667,17.185333,17.185333,315021000
1821,2018-03-29,17.099333,18.063999,16.547333,17.742001,17.742001,227560500
1822,2018-04-02,17.084,17.355333,16.306,16.832001,16.832001,241710000
1823,2018-04-03,17.988001,18.223333,16.966,17.835333,17.835333,282666000
1824,2018-04-04,16.851999,19.224667,16.799999,19.129333,19.129333,298450500
1825,2018-04-05,19.289333,20.417334,19.213333,20.381332,20.381332,286816500
1826,2018-04-06,20.066668,20.618668,19.700001,19.953333,19.953333,202804500
1827,2018-04-09,20.024668,20.633333,19.280666,19.310667,19.310667,153747000
1828,2018-04-10,19.931334,20.473333,19.578667,20.313334,20.313334,164847000
1829,2018-04-11,20.049334,20.598667,19.977333,20.062,20.062,112243500
1830,2018-04-12,20.154667,20.263332,19.578667,19.605333,19.605333,114132000
1831,2018-04-13,20.24,20.263332,19.732,20.022667,20.022667,109908000
1832,2018-04-16,19.933332,19.977333,19.267332,19.414,19.414,95077500
1833,2018-04-17,19.257999,19.478001,18.834,19.179333,19.179333,105000000
1834,2018-04-18,19.405333,20.016001,19.210667,19.556667,19.556667,98365500
1835,2018-04-19,19.405333,20.067333,19.236668,20.005333,20.005333,91359000
1836,2018-04-20,19.677999,19.998667,19.316668,19.349333,19.349333,84418500
1837,2018-04-23,19.419333,19.441334,18.822001,18.891333,18.891333,73401000
1838,2018-04-24,19.0,19.139334,18.563999,18.897333,18.897333,85279500
1839,2018-04-25,18.9,19.010668,18.483334,18.712667,18.712667,60204000
1840,2018-04-26,18.583332,19.052668,18.433332,19.032,19.032,65340000
1841,2018-04-27,19.024668,19.631332,18.922001,19.605333,19.605333,65469000
1842,2018-04-30,19.573999,19.915333,19.5,19.593332,19.593332,63423000
1843,2018-05-01,19.567333,20.054667,19.548,19.994667,19.994667,69384000
1844,2018-05-02,19.904667,20.456667,19.851999,20.076668,20.076668,134556000
1845,2018-05-03,18.586,19.202667,18.348667,18.963333,18.963333,260281500
1846,2018-05-04,18.866667,19.790667,18.634666,19.606001,19.606001,128541000
1847,2018-05-07,19.833332,20.397333,19.677999,20.184668,20.184668,130173000
1848,2018-05-08,20.053333,20.516666,19.933332,20.131332,20.131332,88950000
1849,2018-05-09,20.027332,20.467333,20.003332,20.456667,20.456667,85911000
1850,2018-05-10,20.5,20.865999,20.274,20.334667,20.334667,84774000
1851,2018-05-11,20.513332,20.591999,19.938667,20.070667,20.070667,70194000
1852,2018-05-14,20.221333,20.329332,19.441334,19.464666,19.464666,109302000
1853,2018-05-15,19.000668,19.130667,18.700001,18.945333,18.945333,142788000
1854,2018-05-16,18.922001,19.254,18.770666,19.098667,19.098667,85110000
1855,2018-05-17,19.059999,19.279333,18.931334,18.969334,18.969334,66309000
1856,2018-05-18,18.976667,18.976667,18.266666,18.454666,18.454666,108778500
1857,2018-05-21,18.755333,19.432667,18.753332,18.966,18.966,137739000
1858,2018-05-22,19.184,19.200001,18.228001,18.334,18.334,134187000
1859,2018-05-23,18.517332,18.660667,18.266666,18.604668,18.604668,89776500
1860,2018-05-24,18.559999,18.740667,18.326,18.523333,18.523333,62650500
1861,2018-05-25,18.508667,18.642668,18.374001,18.59,18.59,58126500
1862,2018-05-29,18.567333,19.1,18.41,18.917334,18.917334,84999000
1863,2018-05-30,18.886,19.667334,18.773333,19.448,19.448,112345500
1864,2018-05-31,19.147333,19.358,18.862,18.982,18.982,88795500
1865,2018-06-01,19.057333,19.463333,18.922667,19.454666,19.454666,81366000
1866,2018-06-04,19.622667,19.933332,19.57,19.782667,19.782667,71967000
1867,2018-06-05,19.846666,19.853333,19.115999,19.408667,19.408667,89928000
1868,2018-06-06,20.033333,21.478001,19.832001,21.299999,21.299999,281509500
1869,2018-06-07,21.076668,22.0,20.905333,21.072666,21.072666,215179500
1870,2018-06-08,21.266666,21.632,21.143333,21.177334,21.177334,123078000
1871,2018-06-11,21.500668,22.310667,21.5,22.139999,22.139999,197752500
1872,2018-06-12,22.98,23.664667,22.533333,22.851334,22.851334,335211000
1873,2018-06-13,23.114,23.146667,22.653334,22.985332,22.985332,142047000
1874,2018-06-14,23.175333,23.916668,23.106667,23.848,23.848,164715000
1875,2018-06-15,23.589333,24.311333,23.416668,23.878,23.878,162724500
1876,2018-06-18,23.693333,24.915333,23.633333,24.722,24.722,181098000
1877,2018-06-19,24.344,24.666668,23.083332,23.503332,23.503332,191428500
1878,2018-06-20,23.869333,24.292,23.466667,24.148001,24.148001,125755500
1879,2018-06-21,24.133333,24.414,23.084667,23.167334,23.167334,119506500
1880,2018-06-22,23.436001,23.483334,22.133333,22.242001,22.242001,153991500
1881,2018-06-25,22.007999,22.564667,21.833332,22.200666,22.200666,103969500
1882,2018-06-26,22.403334,22.903334,21.719999,22.799999,22.799999,111787500
1883,2018-06-27,23.0,23.386,22.633333,22.966667,22.966667,125005500
1884,2018-06-28,23.243999,23.801332,23.073999,23.328667,23.328667,125970000
1885,2018-06-29,23.555332,23.590668,22.827333,22.863333,22.863333,97386000
1886,2018-07-02,24.004667,24.318666,21.99,22.337999,22.337999,281397000
1887,2018-07-03,22.116667,22.166,20.646,20.724001,20.724001,184239000
1888,2018-07-05,20.917334,20.959333,19.747999,20.610666,20.610666,262146000
1889,2018-07-06,20.33,20.804667,20.133333,20.593332,20.593332,132982500
1890,2018-07-09,20.799334,21.234667,20.533333,21.233999,21.233999,113952000
1891,2018-07-10,21.637333,21.845333,21.280001,21.497999,21.497999,142072500
1892,2018-07-11,21.053333,21.462667,21.004667,21.264,21.264,73261500
1893,2018-07-12,21.428667,21.548668,20.851334,21.114,21.114,85818000
1894,2018-07-13,21.038668,21.305332,20.616667,21.257999,21.257999,88047000
1895,2018-07-16,20.780666,21.010668,20.416668,20.673332,20.673332,117280500
1896,2018-07-17,20.587334,21.649332,20.566668,21.512667,21.512667,104943000
1897,2018-07-18,21.666668,21.700001,21.083332,21.59,21.59,84363000
1898,2018-07-19,21.088667,21.569332,20.934,21.348667,21.348667,88729500
1899,2018-07-20,21.415333,21.549334,20.780666,20.905333,20.905333,77433000
1900,2018-07-23,20.122667,20.366667,19.524,20.213333,20.213333,164893500
1901,2018-07-24,20.294666,20.514668,19.503332,19.828667,19.828667,143862000
1902,2018-07-25,19.782667,20.641333,19.633333,20.582666,20.582666,106131000
1903,2018-07-26,20.323334,20.713333,20.242666,20.443333,20.443333,69457500
1904,2018-07-27,20.483334,20.512667,19.689333,19.812,19.812,85549500
1905,2018-07-30,19.726667,19.74,19.075333,19.344667,19.344667,102211500
1906,2018-07-31,19.483334,19.888,19.271334,19.875999,19.875999,76153500
1907,2018-08-01,19.865999,20.200001,19.533333,20.056,20.056,151941000
1908,2018-08-02,21.896,23.332666,21.544001,23.302668,23.302668,348225000
1909,2018-08-03,23.187332,23.666668,22.835333,23.211332,23.211332,204847500
1910,2018-08-06,23.030666,23.665333,22.788,22.799334,22.799334,128464500
1911,2018-08-07,22.922667,25.830667,22.610001,25.304667,25.304667,463137000
1912,2018-08-08,24.606001,25.509333,24.474667,24.689333,24.689333,368568000
1913,2018-08-09,24.370001,24.467333,23.048668,23.496668,23.496668,257757000
1914,2018-08-10,23.6,24.0,23.066668,23.699333,23.699333,173280000
1915,2018-08-13,24.075333,24.212667,23.268,23.760668,23.760668,156958500
1916,2018-08-14,23.896667,23.946667,23.139999,23.176001,23.176001,104796000
1917,2018-08-15,22.794001,22.966,22.142668,22.579332,22.579332,136519500
1918,2018-08-16,22.660667,22.818666,22.254667,22.363333,22.363333,90960000
1919,2018-08-17,21.566668,21.784666,20.235332,20.366667,20.366667,284379000
1920,2018-08-20,19.446667,20.566668,19.213333,20.562668,20.562668,261034500
1921,2018-08-21,20.707333,21.652666,20.6,21.459999,21.459999,197583000
1922,2018-08-22,21.391333,21.591999,20.978001,21.442667,21.442667,89190000
1923,2018-08-23,21.275999,21.821333,21.206667,21.34,21.34,77209500
1924,2018-08-24,21.379999,21.59,21.293333,21.521334,21.521334,54039000
1925,2018-08-27,21.200001,21.496,20.587334,21.284666,21.284666,196189500
1926,2018-08-28,21.227333,21.258667,20.746,20.790667,20.790667,114736500
1927,2018-08-29,20.684668,20.790001,20.246,20.334,20.334,111711000
1928,2018-08-30,20.150667,20.306667,19.848,20.209999,20.209999,108250500
1929,2018-08-31,20.133333,20.354,19.906668,20.110666,20.110666,80626500
1930,2018-09-04,19.796,19.879333,19.200001,19.263332,19.263332,125257500
1931,2018-09-05,19.003332,19.118668,18.478666,18.716,18.716,115812000
1932,2018-09-06,18.986668,19.411333,18.591999,18.73,18.73,112212000
1933,2018-09-07,17.34,17.889999,16.816668,17.549334,17.549334,337378500
1934,2018-09-10,18.217333,19.068666,18.066668,19.033333,19.033333,214252500
1935,2018-09-11,18.631332,18.799999,18.236668,18.629333,18.629333,137550000
1936,2018-09-12,18.762667,19.5,18.576668,19.369333,19.369333,150231000
1937,2018-09-13,19.201332,19.666668,19.011999,19.297333,19.297333,95104500
1938,2018-09-14,19.250668,19.822001,19.101334,19.68,19.68,101484000
1939,2018-09-17,19.336,20.058001,19.208668,19.656,19.656,103314000
1940,2018-09-18,19.779333,20.176001,18.366667,18.997334,18.997334,248212500
1941,2018-09-19,18.700666,20.0,18.700001,19.934668,19.934668,124423500
1942,2018-09-20,20.237333,20.398666,19.555332,19.888666,19.888666,110241000
1943,2018-09-21,19.846666,20.038668,19.691334,19.940001,19.940001,75757500
1944,2018-09-24,19.898666,20.200001,19.572001,19.978666,19.978666,72645000
1945,2018-09-25,20.0,20.306667,19.766666,20.066,20.066,67225500
1946,2018-09-26,20.127333,20.926001,20.073999,20.638666,20.638666,117648000
1947,2018-09-27,20.860001,20.997334,20.460667,20.501333,20.501333,127636500
1948,2018-09-28,18.017332,18.533333,17.370667,17.651333,17.651333,504745500
1949,2018-10-01,20.384666,20.762667,20.07,20.713333,20.713333,326664000
1950,2018-10-02,20.93,21.122667,19.943333,20.068001,20.068001,176152500
1951,2018-10-03,20.222,20.306667,19.438,19.653334,19.653334,119925000
1952,2018-10-04,19.596666,19.6,18.511333,18.788668,18.788668,147213000
1953,2018-10-05,18.309999,18.325333,17.333332,17.463333,17.463333,269167500
1954,2018-10-08,17.634666,17.850668,16.6,16.704,16.704,202090500
1955,2018-10-09,17.016666,17.784666,16.886667,17.52,17.52,180909000
1956,2018-10-10,17.640667,17.700666,16.518,17.125334,17.125334,192229500
1957,2018-10-11,17.168667,17.483334,16.601999,16.815332,16.815332,122515500
1958,2018-10-12,17.4,17.466,16.800667,17.252001,17.252001,108021000
1959,2018-10-15,17.270666,17.552,16.969334,17.306,17.306,93000000
1960,2018-10-16,17.713333,18.492001,17.482668,18.439333,18.439333,142896000
1961,2018-10-17,18.826668,18.846666,17.719999,18.118668,18.118668,129832500
1962,2018-10-18,17.952667,18.066668,17.533333,17.594,17.594,81318000
1963,2018-10-19,17.826,17.977333,16.9,17.333332,17.333332,140632500
1964,2018-10-22,17.378668,17.457333,16.839333,17.396667,17.396667,84004500
1965,2018-10-23,17.591333,19.862,17.473333,19.609333,19.609333,285417000
1966,2018-10-24,20.07,20.296,19.048668,19.233334,19.233334,300874500
1967,2018-10-25,21.148001,21.4,20.067333,20.990667,20.990667,312610500
1968,2018-10-26,20.549999,22.66,20.443333,22.059999,22.059999,411382500
1969,2018-10-29,22.497999,23.143999,21.766666,22.323334,22.323334,217290000
1970,2018-10-30,21.892668,22.526667,21.483999,21.993334,21.993334,136900500
1971,2018-10-31,22.169333,22.799999,21.940001,22.488001,22.488001,114364500
1972,2018-11-01,22.550667,23.189333,22.315332,22.952,22.952,120001500
1973,2018-11-02,22.916,23.280001,22.727333,23.094,23.094,117120000
1974,2018-11-05,22.700001,22.930668,22.009333,22.76,22.76,117465000
1975,2018-11-06,22.604668,23.253332,22.406,22.737333,22.737333,101443500
1976,2018-11-07,22.889334,23.412001,22.719999,23.210667,23.210667,110617500
1977,2018-11-08,23.233334,23.838667,23.229334,23.426666,23.426666,106360500
1978,2018-11-09,23.266666,23.6,23.015333,23.367332,23.367332,76482000
1979,2018-11-12,23.224667,23.318666,22.022667,22.085333,22.085333,104122500
1980,2018-11-13,22.210667,22.98,22.146667,22.582001,22.582001,81729000
1981,2018-11-14,22.846666,23.140667,22.476667,22.933332,22.933332,75604500
1982,2018-11-15,22.822001,23.238667,22.602667,23.229334,23.229334,69385500
1983,2018-11-16,23.012667,23.713333,23.007999,23.620667,23.620667,108093000
1984,2018-11-19,23.756001,24.450001,23.525333,23.564667,23.564667,145633500
1985,2018-11-20,22.783333,23.32,22.236668,23.166,23.166,120070500
1986,2018-11-21,23.466667,23.540001,22.493334,22.546,22.546,70302000
1987,2018-11-23,22.290001,22.5,21.703333,21.722,21.722,63039000
1988,2018-11-26,21.666668,23.081333,21.666668,23.066668,23.066668,119881500
1989,2018-11-27,22.67,23.130667,22.366667,22.927999,22.927999,95374500
1990,2018-11-28,23.066,23.218666,22.813999,23.191334,23.191334,61914000
1991,2018-11-29,23.133333,23.166668,22.636667,22.744667,22.744667,46210500
1992,2018-11-30,22.788668,23.440001,22.550667,23.365334,23.365334,84436500
1993,2018-12-03,24.0,24.4,23.466667,23.899332,23.899332,124597500
1994,2018-12-04,23.736668,24.578667,23.466667,23.98,23.98,126928500
1995,2018-12-06,23.733999,24.492001,23.384001,24.204,24.204,117637500
1996,2018-12-07,24.6,25.299334,23.843332,23.864668,23.864668,172668000
1997,2018-12-10,24.0,24.398666,23.541332,24.343332,24.343332,99202500
1998,2018-12-11,24.660667,24.811333,24.015333,24.450666,24.450666,94632000
1999,2018-12-12,24.628,24.794001,24.344,24.440001,24.440001,75405000
2000,2018-12-13,24.676666,25.162666,24.450001,25.119333,25.119333,110488500
2001,2018-12-14,25.0,25.191334,24.288668,24.380667,24.380667,95064000
2002,2018-12-17,24.133333,24.379999,22.925333,23.228001,23.228001,115110000
2003,2018-12-18,23.369333,23.436666,22.246,22.468666,22.468666,106500000
2004,2018-12-19,22.506666,23.134001,21.982668,22.198,22.198,124113000
2005,2018-12-20,21.803333,22.019333,20.791332,21.025333,21.025333,136078500
2006,2018-12-21,21.16,21.564667,20.829332,21.318001,21.318001,120252000
2007,2018-12-24,20.9,20.966667,19.68,19.692667,19.692667,83398500
2008,2018-12-26,20.0,21.798,19.606001,21.739332,21.739332,122446500
2009,2018-12-27,21.322666,21.478001,20.1,21.075333,21.075333,128626500
2010,2018-12-28,21.540001,22.416,21.227333,22.257999,22.257999,149085000
2011,2018-12-31,22.519333,22.614,21.684,22.186666,22.186666,94534500
2012,2019-01-02,20.406668,21.008667,19.92,20.674667,20.674667,174879000
2013,2019-01-03,20.466667,20.626667,19.825333,20.024,20.024,104478000
2014,2019-01-04,20.4,21.200001,20.181999,21.179333,21.179333,110911500
2015,2019-01-07,21.448,22.449333,21.183332,22.330667,22.330667,113268000
2016,2019-01-08,22.797333,22.934,21.801332,22.356667,22.356667,105127500
2017,2019-01-09,22.366667,22.9,22.098,22.568666,22.568666,81493500
2018,2019-01-10,22.293333,23.025999,22.119333,22.997999,22.997999,90846000
2019,2019-01-11,22.806,23.227333,22.584667,23.150667,23.150667,75586500
2020,2019-01-14,22.825333,22.833332,22.266666,22.293333,22.293333,78709500
2021,2019-01-15,22.333332,23.253332,22.299999,22.962,22.962,90849000
2022,2019-01-16,22.985332,23.466667,22.9,23.07,23.07,70375500
2023,2019-01-17,23.080667,23.433332,22.943333,23.153999,23.153999,55150500
2024,2019-01-18,21.533333,21.808666,19.982,20.150667,20.150667,362262000
2025,2019-01-22,20.321333,20.533333,19.700001,19.927999,19.927999,181000500
2026,2019-01-23,19.5,19.633333,18.779333,19.172667,19.172667,187950000
2027,2019-01-24,18.868668,19.578667,18.618668,19.434,19.434,120183000
2028,2019-01-25,19.625999,19.901333,19.303333,19.802668,19.802668,108744000
2029,2019-01-28,19.527332,19.830667,19.183332,19.758667,19.758667,96349500
2030,2019-01-29,19.684668,19.903999,19.453333,19.830667,19.830667,69325500
2031,2019-01-30,20.030001,20.6,19.899332,20.584667,20.584667,168754500
2032,2019-01-31,20.066668,20.770666,19.6,20.468,20.468,188538000
2033,2019-02-01,20.361334,21.073334,20.233334,20.813999,20.813999,109251000
2034,2019-02-04,20.865334,21.02,20.125334,20.859333,20.859333,110281500
2035,2019-02-05,20.832666,21.496,20.816668,21.423332,21.423332,101142000
2036,2019-02-06,21.306,21.615999,21.041332,21.148001,21.148001,75577500
2037,2019-02-07,20.886667,20.98,20.200001,20.500668,20.500668,97809000
2038,2019-02-08,20.455334,20.496668,19.9,20.386667,20.386667,87663000
2039,2019-02-11,20.773333,21.24,20.700001,20.856001,20.856001,106945500
2040,2019-02-12,21.08,21.212667,20.641333,20.787333,20.787333,82764000
2041,2019-02-13,20.823334,20.85,20.371332,20.544666,20.544666,77124000
2042,2019-02-14,20.225332,20.451332,20.066668,20.251333,20.251333,78012000
2043,2019-02-15,20.299999,20.533333,20.26,20.525333,20.525333,58573500
2044,2019-02-19,20.437332,20.769333,20.364668,20.375999,20.375999,62526000
2045,2019-02-20,20.294001,20.42,19.933332,20.170668,20.170668,107131500
2046,2019-02-21,20.120667,20.216,19.366667,19.415333,19.415333,133638000
2047,2019-02-22,19.632668,19.766666,19.473333,19.647333,19.647333,86109000
2048,2019-02-25,19.860666,20.193333,19.799999,19.917999,19.917999,99397500
2049,2019-02-26,19.481333,20.134001,19.251333,19.857332,19.857332,128737500
2050,2019-02-27,20.118668,21.086666,20.036667,20.982668,20.982668,167758500
2051,2019-02-28,21.261333,21.333332,20.720667,21.325333,21.325333,157810500
2052,2019-03-01,20.462667,20.475332,19.459999,19.652666,19.652666,343671000
2053,2019-03-04,19.874666,19.933332,18.851999,19.024,19.024,256452000
2054,2019-03-05,18.799999,18.933332,18.006666,18.436001,18.436001,281470500
2055,2019-03-06,18.431999,18.767332,18.292667,18.416,18.416,155032500
2056,2019-03-07,18.589333,18.98,18.283333,18.439333,18.439333,141637500
2057,2019-03-08,18.460667,19.039333,18.392668,18.942667,18.942667,132294000
2058,2019-03-11,18.901333,19.418667,18.700001,19.394667,19.394667,110884500
2059,2019-03-12,19.099333,19.204666,18.737333,18.890667,18.890667,112561500
2060,2019-03-13,18.926666,19.466,18.846666,19.264,19.264,102670500
2061,2019-03-14,19.496668,19.692667,19.219334,19.330667,19.330667,106551000
2062,2019-03-15,18.900667,18.914667,18.293333,18.362,18.362,221782500
2063,2019-03-18,18.4,18.536667,17.82,17.966,17.966,154215000
2064,2019-03-19,17.833332,18.219999,17.563999,17.831333,17.831333,177009000
2065,2019-03-20,17.979334,18.331333,17.753332,18.24,18.24,103623000
2066,2019-03-21,18.173332,18.43,17.896667,18.268,18.268,89206500
2067,2019-03-22,18.172001,18.186666,17.6,17.635332,17.635332,131184000
2068,2019-03-25,17.313999,17.545334,16.964001,17.361334,17.361334,153225000
2069,2019-03-26,17.629333,18.017332,17.628668,17.851334,17.851334,110263500
2070,2019-03-27,17.916668,18.358,17.878668,18.322001,18.322001,131688000
2071,2019-03-28,18.477333,18.688667,18.34,18.574667,18.574667,101611500
2072,2019-03-29,18.58,18.677334,18.299999,18.657333,18.657333,89869500
2073,2019-04-01,18.841333,19.280001,18.752001,19.278667,19.278667,121656000
2074,2019-04-02,19.219999,19.296,18.925333,19.058666,19.058666,82183500
2075,2019-04-03,19.154667,19.744667,19.144667,19.454,19.454,118791000
2076,2019-04-04,17.459333,18.08,17.372667,17.851999,17.851999,355810500
2077,2019-04-05,17.990667,18.406668,17.740667,18.330667,18.330667,195574500
2078,2019-04-08,18.512667,18.743999,18.029333,18.213333,18.213333,156156000
2079,2019-04-09,18.110001,18.333332,17.974001,18.153999,18.153999,88560000
2080,2019-04-10,18.449333,18.558666,18.192667,18.403999,18.403999,105919500
2081,2019-04-11,17.886667,18.033333,17.706667,17.894667,17.894667,147538500
2082,2019-04-12,18.014668,18.129999,17.788668,17.846666,17.846666,101190000
2083,2019-04-15,17.908667,17.925333,17.242001,17.758667,17.758667,150579000
2084,2019-04-16,17.716667,18.333332,17.648001,18.224001,18.224001,109093500
2085,2019-04-17,18.316668,18.319332,17.902666,18.082001,18.082001,76897500
2086,2019-04-18,18.082001,18.322666,17.983334,18.217333,18.217333,88144500
2087,2019-04-22,17.933332,17.978666,17.498667,17.516666,17.516666,182206500
2088,2019-04-23,17.343332,17.706667,17.049999,17.593332,17.593332,164158500
2089,2019-04-24,17.59,17.688,17.200001,17.243999,17.243999,160912500
2090,2019-04-25,17.0,17.266666,16.404667,16.508667,16.508667,327741000
2091,2019-04-26,16.433332,16.445333,15.408667,15.676,15.676,335410500
2092,2019-04-29,15.724,16.265333,15.478,16.098,16.098,250717500
2093,2019-04-30,16.137333,16.280666,15.8,15.912667,15.912667,141969000
2094,2019-05-01,15.923333,16.0,15.433333,15.600667,15.600667,160566000
2095,2019-05-02,16.368,16.475332,15.848,16.273333,16.273333,272389500
2096,2019-05-03,16.257334,17.107332,16.232668,17.002001,17.002001,355602000
2097,2019-05-06,16.667999,17.223333,16.566668,17.022667,17.022667,162508500
2098,2019-05-07,17.120001,17.147333,16.34,16.470667,16.470667,151971000
2099,2019-05-08,16.462667,16.706667,16.280001,16.322666,16.322666,92646000
2100,2019-05-09,16.133333,16.245333,15.796,16.132,16.132,100671000
2101,2019-05-10,15.983333,16.132668,15.734667,15.968,15.968,105124500
2102,2019-05-13,15.467333,15.498,14.966667,15.134,15.134,162522000
2103,2019-05-14,15.286667,15.633333,15.2,15.487333,15.487333,108786000
2104,2019-05-15,15.288,15.496,15.016667,15.463333,15.463333,109440000
2105,2019-05-16,15.299333,15.4,15.1,15.222,15.222,112249500
2106,2019-05-17,14.797333,14.816,13.928,14.068667,14.068667,266800500
2107,2019-05-20,13.52,13.733333,13.016667,13.690667,13.690667,307893000
2108,2019-05-21,13.184,13.826667,13.069333,13.672,13.672,270058500
2109,2019-05-22,13.273333,13.596,12.785333,12.848667,12.848667,280278000
2110,2019-05-23,12.956,13.298,12.414667,13.032667,13.032667,398206500
2111,2019-05-24,13.322,13.332,12.583333,12.708667,12.708667,212049000
2112,2019-05-28,12.746667,13.0,12.523333,12.58,12.58,154693500
2113,2019-05-29,12.473333,12.826,12.336,12.657333,12.657333,179529000
2114,2019-05-30,12.583333,12.817333,12.468,12.548,12.548,118897500
2115,2019-05-31,12.34,12.661333,12.273333,12.344,12.344,156100500
2116,2019-06-03,12.367333,12.445333,11.799333,11.931333,11.931333,195966000
2117,2019-06-04,12.073333,12.932,11.974,12.906667,12.906667,207112500
2118,2019-06-05,13.245333,13.418667,12.79,13.106,13.106,202662000
2119,2019-06-06,13.629333,14.066667,13.453333,13.73,13.73,303633000
2120,2019-06-07,13.666667,14.056,13.566667,13.633333,13.633333,240052500
2121,2019-06-10,14.016667,14.462667,13.934,14.192,14.192,158775000
2122,2019-06-11,14.609333,14.726667,14.233333,14.473333,14.473333,174802500
2123,2019-06-12,14.863333,14.892,13.933333,13.950667,13.950667,227962500
2124,2019-06-13,14.025333,14.326667,13.834,14.260667,14.260667,122524500
2125,2019-06-14,14.083333,14.443333,14.026667,14.328,14.328,111501000
2126,2019-06-17,14.365333,15.133333,14.284667,15.002,15.002,184752000
2127,2019-06-18,15.248,15.649333,14.837333,14.982667,14.982667,190737000
2128,2019-06-19,15.007333,15.184667,14.737333,15.095333,15.095333,98626500
2129,2019-06-20,14.866667,15.126667,14.423333,14.641333,14.641333,177952500
2130,2019-06-21,14.414667,14.812,14.366667,14.790667,14.790667,123031500
2131,2019-06-24,14.882667,15.057333,14.734667,14.909333,14.909333,86262000
2132,2019-06-25,14.959333,15.022667,14.632667,14.650667,14.650667,92731500
2133,2019-06-26,14.687333,15.148667,14.54,14.618,14.618,127608000
2134,2019-06-27,14.63,14.86,14.49,14.856,14.856,95095500
2135,2019-06-28,14.732667,15.011333,14.72,14.897333,14.897333,102771000
2136,2019-07-01,15.347333,15.54,15.085333,15.144667,15.144667,123201000
2137,2019-07-02,15.259333,15.276667,14.814667,14.97,14.97,138885000
2138,2019-07-03,15.959333,16.104668,15.634,15.66,15.66,213016500
2139,2019-07-05,15.638,15.696667,15.386667,15.54,15.54,105985500
2140,2019-07-08,15.416,15.483333,15.244,15.356,15.356,88207500
2141,2019-07-09,15.264667,15.4,15.152,15.337333,15.337333,92862000
2142,2019-07-10,15.61,15.929333,15.542667,15.928,15.928,137185500
2143,2019-07-11,15.876,16.1,15.72,15.906667,15.906667,112716000
2144,2019-07-12,15.983333,16.358667,15.980667,16.338667,16.338667,138007500
2145,2019-07-15,16.533333,16.961332,16.323999,16.9,16.9,165001500
2146,2019-07-16,16.620001,16.902,16.528667,16.825333,16.825333,122235000
2147,2019-07-17,17.044666,17.220667,16.889999,16.990667,16.990667,146470500
2148,2019-07-18,17.003332,17.049999,16.792667,16.902666,16.902666,71379000
2149,2019-07-19,17.046,17.330667,16.974667,17.212,17.212,105726000
2150,2019-07-22,17.25,17.476667,16.945999,17.045334,17.045334,102636000
2151,2019-07-23,17.114,17.365334,16.966667,17.344667,17.344667,75346500
2152,2019-07-24,17.278,17.738001,17.210667,17.658667,17.658667,166092000
2153,2019-07-25,15.566667,15.633333,15.036667,15.254667,15.254667,336274500
2154,2019-07-26,15.128,15.350667,14.816667,15.202667,15.202667,150415500
2155,2019-07-29,15.139333,15.729333,15.068667,15.718,15.718,139099500
2156,2019-07-30,15.526667,16.224001,15.478667,16.150667,16.150667,121635000
2157,2019-07-31,16.200001,16.445333,15.776667,16.107332,16.107332,137673000
2158,2019-08-01,16.176666,16.300667,15.451333,15.59,15.59,123892500
2159,2019-08-02,15.423333,15.751333,15.282,15.622667,15.622667,92047500
2160,2019-08-05,15.306667,15.424667,15.052,15.221333,15.221333,105424500
2161,2019-08-06,15.458667,15.5,15.05,15.383333,15.383333,83463000
2162,2019-08-07,15.1,15.571333,15.053333,15.561333,15.561333,71647500
2163,2019-08-08,15.63,15.986667,15.51,15.886667,15.886667,79114500
2164,2019-08-09,15.736667,15.930667,15.587333,15.667333,15.667333,58473000
2165,2019-08-12,15.532667,15.718,15.25,15.267333,15.267333,69958500
2166,2019-08-13,15.254,15.733333,15.17,15.666667,15.666667,72721500
2167,2019-08-14,15.414,15.433333,14.446,14.641333,14.641333,143439000
2168,2019-08-15,14.724,14.770667,14.103333,14.376,14.376,122394000
2169,2019-08-16,14.444,14.816,14.401333,14.662667,14.662667,76477500
2170,2019-08-19,14.947333,15.188667,14.78,15.122,15.122,79644000
2171,2019-08-20,15.174667,15.272667,14.969333,15.057333,15.057333,61878000
2172,2019-08-21,14.800667,14.881333,14.506667,14.722,14.722,116914500
2173,2019-08-22,14.853333,15.026667,14.548,14.81,14.81,98385000
2174,2019-08-23,14.664667,14.744667,14.066667,14.093333,14.093333,128079000
2175,2019-08-26,14.24,14.334667,14.102667,14.333333,14.333333,75778500
2176,2019-08-27,14.382667,14.586667,14.135333,14.272,14.272,81243000
2177,2019-08-28,14.246,14.483333,14.154,14.372667,14.372667,48382500
2178,2019-08-29,14.6,14.893333,14.533333,14.780667,14.780667,77692500
2179,2019-08-30,15.276667,15.496,14.947333,15.040667,15.040667,139809000
2180,2019-09-03,14.938667,15.263333,14.877333,15.000667,15.000667,80311500
2181,2019-09-04,15.126,15.230667,14.614,14.712,14.712,86415000
2182,2019-09-05,14.833333,15.32,14.723333,15.305333,15.305333,110929500
2183,2019-09-06,15.146667,15.309333,15.011333,15.163333,15.163333,62841000
2184,2019-09-09,15.333333,15.584,15.282,15.452667,15.452667,72040500
2185,2019-09-10,15.386667,15.702667,15.262667,15.702667,15.702667,73255500
2186,2019-09-11,15.825333,16.544666,15.733333,16.473333,16.473333,150642000
2187,2019-09-12,16.513332,16.9,16.293333,16.391333,16.391333,128718000
2188,2019-09-13,16.464001,16.563334,16.324667,16.346666,16.346666,79696500
2189,2019-09-16,16.4,16.495333,16.077999,16.187332,16.187332,70921500
2190,2019-09-17,16.164667,16.373333,16.024668,16.319332,16.319332,57981000
2191,2019-09-18,16.333332,16.544666,16.158001,16.232668,16.232668,62553000
2192,2019-09-19,16.4,16.529333,16.322666,16.440001,16.440001,71937000
2193,2019-09-20,16.432667,16.463333,15.877333,16.041332,16.041332,95295000
2194,2019-09-23,16.0,16.345333,15.948,16.082001,16.082001,65103000
2195,2019-09-24,16.101334,16.132668,14.840667,14.880667,14.880667,193372500
2196,2019-09-25,14.970667,15.265333,14.557333,15.246667,15.246667,141406500
2197,2019-09-26,15.377333,16.220667,15.16,16.170668,16.170668,178267500
2198,2019-09-27,16.146667,16.580667,15.915333,16.142,16.142,166746000
2199,2019-09-30,16.200001,16.265333,15.740667,16.058001,16.058001,88197000
2200,2019-10-01,16.1,16.396667,15.942,16.312668,16.312668,92439000
2201,2019-10-02,16.219334,16.309999,15.962,16.208668,16.208668,84471000
2202,2019-10-03,15.457333,15.632,14.952,15.535333,15.535333,226267500
2203,2019-10-04,15.440667,15.652,15.204667,15.428667,15.428667,119925000
2204,2019-10-07,15.32,15.904,15.236667,15.848,15.848,120963000
2205,2019-10-08,15.724667,16.262667,15.633333,16.003332,16.003332,130173000
2206,2019-10-09,16.087999,16.486668,16.043333,16.302,16.302,103416000
2207,2019-10-10,16.351999,16.618668,16.105333,16.316,16.316,94249500
2208,2019-10-11,16.476667,16.738667,16.454,16.525999,16.525999,127131000
2209,2019-10-14,16.526667,17.236668,16.475332,17.130667,17.130667,153075000
2210,2019-10-15,17.18,17.333332,16.941334,17.192667,17.192667,96492000
2211,2019-10-16,17.159332,17.473333,17.128,17.316668,17.316668,100261500
2212,2019-10-17,17.5,17.652,17.344667,17.464666,17.464666,71539500
2213,2019-10-18,17.379999,17.52,17.006666,17.129999,17.129999,86247000
2214,2019-10-21,17.222,17.299999,16.678667,16.9,16.9,75304500
2215,2019-10-22,16.954666,17.222,16.723333,17.038668,17.038668,69012000
2216,2019-10-23,16.966667,17.076,16.756666,16.978666,16.978666,78916500
2217,2019-10-24,19.891333,20.328667,19.280001,19.978666,19.978666,445813500
2218,2019-10-25,19.848,22.0,19.740667,21.875334,21.875334,450091500
2219,2019-10-28,21.836,22.722668,21.506666,21.847334,21.847334,283054500
2220,2019-10-29,21.332666,21.620001,20.983334,21.081333,21.081333,190264500
2221,2019-10-30,20.866667,21.252666,20.664667,21.000668,21.000668,144627000
2222,2019-10-31,20.873333,21.266666,20.866667,20.994667,20.994667,76005000
2223,2019-11-01,21.087999,21.098667,20.653334,20.887333,20.887333,95758500
2224,2019-11-04,20.986668,21.462667,20.617332,21.164667,21.164667,131805000
2225,2019-11-05,21.308001,21.567333,21.074667,21.148001,21.148001,104151000
2226,2019-11-06,21.200001,21.781334,20.966667,21.771999,21.771999,119113500
2227,2019-11-07,21.942667,22.766666,21.868,22.369333,22.369333,217009500
2228,2019-11-08,22.299999,22.497334,22.166668,22.476,22.476,91038000
2229,2019-11-11,22.93,23.279333,22.799999,23.006001,23.006001,149800500
2230,2019-11-12,23.126667,23.358,22.936001,23.328667,23.328667,110391000
2231,2019-11-13,23.666668,23.755333,23.011999,23.073999,23.073999,126301500
2232,2019-11-14,23.073999,23.589333,22.860666,23.290001,23.290001,96973500
2233,2019-11-15,23.375999,23.52,23.224001,23.478001,23.478001,72135000
2234,2019-11-18,23.528,23.543333,23.073334,23.332666,23.332666,66006000
2235,2019-11-19,23.450001,23.999332,23.186666,23.968,23.968,115872000
2236,2019-11-20,24.0,24.08,23.304667,23.481333,23.481333,100876500
2237,2019-11-21,23.634001,24.056,23.6,23.655333,23.655333,91650000
2238,2019-11-22,22.677334,22.733334,22.0,22.202667,22.202667,253059000
2239,2019-11-25,22.954666,22.971333,22.297333,22.422667,22.422667,185092500
2240,2019-11-26,22.351334,22.366667,21.806667,21.927999,21.927999,119211000
2241,2019-11-27,22.074667,22.261999,21.904667,22.086,22.086,83334000
2242,2019-11-29,22.073999,22.084,21.833332,21.996,21.996,36984000
2243,2019-12-02,21.959999,22.425333,21.912666,22.324667,22.324667,91117500
2244,2019-12-03,22.174667,22.527332,22.146,22.413334,22.413334,98605500
2245,2019-12-04,22.516666,22.524,22.190001,22.202,22.202,82995000
2246,2019-12-05,22.188667,22.294666,21.816668,22.024668,22.024668,55869000
2247,2019-12-06,22.333332,22.590668,22.318001,22.392668,22.392668,114186000
2248,2019-12-09,22.439333,22.963333,22.338667,22.635332,22.635332,135346500
2249,2019-12-10,22.664,23.382,22.620667,23.256001,23.256001,132424500
2250,2019-12-11,23.458668,23.812668,23.406,23.513332,23.513332,103467000
2251,2019-12-12,23.661333,24.182667,23.548668,23.978666,23.978666,116458500
2252,2019-12-13,24.07,24.347334,23.642668,23.892668,23.892668,98563500
2253,2019-12-16,24.17,25.573999,24.166668,25.433332,25.433332,272613000
2254,2019-12-17,25.266001,25.700001,25.059999,25.266001,25.266001,127452000
2255,2019-12-18,25.375334,26.348,25.372,26.209999,26.209999,211815000
2256,2019-12-19,26.488001,27.123333,26.433332,26.936001,26.936001,271606500
2257,2019-12-20,27.352667,27.533333,26.679333,27.039333,27.039333,221290500
2258,2019-12-23,27.452,28.134001,27.333332,27.948,27.948,199794000
2259,2019-12-24,27.890667,28.364668,27.512667,28.35,28.35,120820500
2260,2019-12-26,28.527332,28.898666,28.423332,28.729334,28.729334,159508500
2261,2019-12-27,29.0,29.020666,28.407333,28.691999,28.691999,149185500
2262,2019-12-30,28.586,28.6,27.284,27.646667,27.646667,188796000
2263,2019-12-31,27.0,28.086,26.805332,27.888666,27.888666,154285500
2264,2020-01-02,28.299999,28.713333,28.114,28.684,28.684,142981500
2265,2020-01-03,29.366667,30.266666,29.128,29.534,29.534,266677500
2266,2020-01-06,29.364668,30.104,29.333332,30.102667,30.102667,151995000
2267,2020-01-07,30.76,31.441999,30.224001,31.270666,31.270666,268231500
2268,2020-01-08,31.58,33.232666,31.215334,32.809334,32.809334,467164500
2269,2020-01-09,33.139999,33.253334,31.524668,32.089333,32.089333,426606000
2270,2020-01-10,32.119331,32.329334,31.58,31.876667,31.876667,194392500
2271,2020-01-13,32.900002,35.042,32.799999,34.990665,34.990665,397764000
2272,2020-01-14,36.284,36.493999,34.993332,35.861332,35.861332,434943000
2273,2020-01-15,35.317333,35.855999,34.452667,34.566666,34.566666,260532000
2274,2020-01-16,32.916668,34.297333,32.811333,34.232666,34.232666,326050500
2275,2020-01-17,33.840668,34.377998,33.543999,34.033333,34.033333,204436500
2276,2020-01-21,35.349998,36.571999,35.227333,36.48,36.48,267052500
2277,2020-01-22,38.125999,39.633331,37.273335,37.970669,37.970669,470535000
2278,2020-01-23,37.616669,38.799999,37.040001,38.146667,38.146667,294765000
2279,2020-01-24,38.042,38.257332,36.950668,37.654667,37.654667,215304000
2280,2020-01-27,36.132668,37.629333,35.952,37.201332,37.201332,204121500
2281,2020-01-28,37.899334,38.453999,37.205334,37.793331,37.793331,176827500
2282,2020-01-29,38.379333,39.32,37.828667,38.732666,38.732666,267022500
2283,2020-01-30,42.161331,43.391998,41.200001,42.720669,42.720669,435085500
2284,2020-01-31,42.666668,43.533333,42.167999,43.371334,43.371334,235789500
2285,2020-02-03,44.912666,52.409332,44.901333,52.0,52.0,705975000
2286,2020-02-04,58.863998,64.599335,55.591999,59.137333,59.137333,914082000
2287,2020-02-05,54.883999,56.398666,46.940666,48.98,48.98,726357000
2288,2020-02-06,46.661331,53.055332,45.799999,49.930668,49.930668,598212000
2289,2020-02-07,48.703335,51.316666,48.666668,49.871334,49.871334,255952500
2290,2020-02-10,53.333332,54.666,50.16,51.418667,51.418667,370338000
2291,2020-02-11,51.252666,52.234001,50.533333,51.625332,51.625332,175462500
2292,2020-02-12,51.858002,52.650002,50.891335,51.152668,51.152668,180337500
2293,2020-02-13,49.456001,54.533333,49.0,53.599998,53.599998,394339500
2294,2020-02-14,52.481335,54.198002,52.366669,53.335335,53.335335,235405500
2295,2020-02-18,56.106667,57.333332,55.490665,57.226665,57.226665,245725500
2296,2020-02-19,61.566666,62.985332,60.068001,61.161331,61.161331,381345000
2297,2020-02-20,60.796665,60.799999,57.329334,59.960667,59.960667,264523500
2298,2020-02-21,60.465332,60.870667,58.696667,60.066666,60.066666,214722000
2299,2020-02-24,55.933334,57.566666,54.813332,55.585999,55.585999,227883000
2300,2020-02-25,56.599998,57.106667,52.466667,53.327332,53.327332,259357500
2301,2020-02-26,52.166668,54.220669,51.740665,51.919998,51.919998,211282500
2302,2020-02-27,48.666668,49.318001,44.599998,45.266666,45.266666,364158000
